Quest Name,Objective,Steps,Min Level,Max Level,First Step Position
Easy Job - Part 1,"Zone qlight_pr1_heli1_find",1,18,41,"(-96.3, 0.7, -553.8)"
Easy Job - Part 1,"Zone qlight_pr1_heli1_mark",1,18,41,"(-97.0, 0.7, -553.2)"
Easy Job - Part 2,"Zone qlight_pr1_heli2_kill",1,18,41,"(-51.2, 1.8, -573.2)"
Lost Contact,"Zone qlight_find_scav_group1",1,26,54,"(-70.4, 26.8, 132.2)"
Energy Crisis,"Zone qlight_fuel_blood",1,25,53,"(-116.6, 9.2, -921.8)"
Energy Crisis,"Zone qlight_fuel_blood_bezovoz1",1,25,53,"(-73.7, 13.7, -875.5)"
Energy Crisis,"Zone qlight_fuel_blood_bezovoz2",1,25,53,"(-158.5, 8.2, -608.0)"
Energy Crisis,"Zone qlight_fuel_blood_bezovoz3",1,25,53,"(29.1, 8.1, -423.4)"
Corporate Secrets,"Item Water pump operation data",1,17,39,"(-112.0, 8.2, -750.2)"
Corporate Secrets,"Item Pumping station operation report",1,17,39,"(52.7, 8.2, -638.9)"
Revision - Lighthouse,"Zone qlight_mark_vech1",1,14,33,"(12.6, 3.6, -502.4)"
Revision - Lighthouse,"Zone qlight_mark_vech2",1,14,33,"(-65.8, 3.8, -691.3)"
Revision - Lighthouse,"Zone qlight_mark_vech3",1,14,33,"(65.5, 1.8, 515.2)"
Revision - Lighthouse,"Zone qlight_mark_vech4",1,14,33,"(-41.5, 11.2, 16.5)"
Missing Cargo,"Zone qlight_find_crushed_heli",1,30,60,"(-126.8, 21.0, 301.4)"
Missing Cargo,"Item Stolen military documents",1,30,60,"(-115.7, 39.9, 88.4)"
The Hermit,"Zone qlight_hunt_fr_find",1,20,45,"(-246.6, 3.1, -328.3)"
The Hermit,"Item Sealed letter",1,20,45,"(-248.5, 0.4, -328.3)"
Long Road,"Zone qlight_br_secure_road",1,20,45,"(0.0, 4.5, 47.7)"
Cargo X - Part 4,"Zone qlight16_peace_terra",1,12,29,"(136.9, 0.7, 47.9)"
Network Provider - Part 2,"Zone meh_42_radio_area_mark_1",1,35,70,"(-93.1, 3.0, -550.7)"
Network Provider - Part 2,"Zone meh_42_radio_area_mark_2",1,35,70,"(-115.9, 39.9, 88.4)"
Network Provider - Part 2,"Zone meh_42_radio_area_mark_3",1,35,70,"(71.1, 9.6, 392.5)"
Network Provider - Part 2,"Zone meh_42_radio_area_mark_4",1,35,70,"(127.6, 6.4, 293.0)"
Getting Acquainted,"Item Secure Flash drive V3",1,35,70,"(-197.5, 4.9, -651.5)"
Drug Trafficking,"Zone qlight_extension_medic1_exploration1",2,26,54,"(-119.2, 10.6, -841.6)"
Drug Trafficking,"Zone qlight_extension_medic1_hide1",2,26,54,"(-119.2, 10.6, -841.6)"
Reconnaissance,"Zone qlight_extension_prapor1_exploration1",1,18,41,"(53.2, 13.9, -623.6)"
Reconnaissance,"Zone qlight_extension_prapor1_exploration2",1,18,41,"(-98.2, 13.9, -754.1)"
Reconnaissance,"Zone qlight_extension_prapor1_exploration3",1,18,41,"(-196.6, 14.0, -666.8)"
Broadcast - Part 1,"Zone qlight_extension_mechanik1_exploration1",2,12,29,"(32.5, 8.2, -640.3)"
Broadcast - Part 1,"Zone qlight_extension_mechanik1_hide1",2,12,29,"(32.5, 8.2, -640.3)"
Make Amends,"Item Secure Flash drive V3",1,0,99,"(-197.5, 4.9, -651.5)"
Snatch,"Item Forged Lightkeeper intelligence",1,35,70,"(32.1, 4.8, -454.0)"
Spawn Point Wander,"Spawn Point (40.0 9.5 71.8)",1,0,99,"(40.0, 9.5, 71.8)"
Spawn Point Wander,"Spawn Point (48.2 1.6 -116.3)",1,0,99,"(48.2, 1.6, -116.3)"
Spawn Point Wander,"Spawn Point (-109.0 4.9 -729.5)",1,0,99,"(-109.0, 4.9, -729.5)"
Spawn Point Wander,"Spawn Point (-58.0 39.5 459.4)",1,0,99,"(-58.0, 39.5, 459.4)"
Spawn Point Wander,"Spawn Point (113.1 5.0 104.7)",1,0,99,"(113.1, 5.0, 104.7)"
Spawn Point Wander,"Spawn Point (-124.8 14.0 -738.3)",1,0,99,"(-124.8, 14.0, -738.3)"
Spawn Point Wander,"Spawn Point (54.2 11.8 200.6)",1,0,99,"(54.2, 11.8, 200.6)"
Spawn Point Wander,"Spawn Point (-116.1 17.8 -32.1)",1,0,99,"(-116.1, 17.8, -32.1)"
Spawn Point Wander,"Spawn Point (-84.5 5.9 -271.6)",1,0,99,"(-84.5, 5.9, -271.6)"
Spawn Point Wander,"Spawn Point (-51.1 10.7 -794.8)",1,0,99,"(-51.1, 10.7, -794.8)"
Spawn Point Wander,"Spawn Point (-213.1 12.7 -187.8)",1,0,99,"(-213.1, 12.7, -187.8)"
Spawn Point Wander,"Spawn Point (-237.3 14.8 -170.3)",1,0,99,"(-237.3, 14.8, -170.3)"
Spawn Point Wander,"Spawn Point (-140.1 10.5 -870.8)",1,0,99,"(-140.1, 10.5, -870.8)"
Spawn Point Wander,"Spawn Point (-71.8 39.2 451.1)",1,0,99,"(-71.8, 39.2, 451.1)"
Spawn Point Wander,"Spawn Point (55.4 4.9 -633.2)",1,0,99,"(55.4, 4.9, -633.2)"
Spawn Point Wander,"Spawn Point (105.9 0.8 427.3)",1,0,99,"(105.9, 0.8, 427.3)"
Spawn Point Wander,"Spawn Point (-149.9 12.0 -200.8)",1,0,99,"(-149.9, 12.0, -200.8)"
Spawn Point Wander,"Spawn Point (37.5 4.9 -641.4)",1,0,99,"(37.5, 4.9, -641.4)"
Spawn Point Wander,"Spawn Point (-444.6 28.9 -372.5)",1,0,99,"(-444.6, 28.9, -372.5)"
Spawn Point Wander,"Spawn Point (-139.1 10.5 -857.0)",1,0,99,"(-139.1, 10.5, -857.0)"
Spawn Point Wander,"Spawn Point (-249.0 0.8 -382.2)",1,0,99,"(-249.0, 0.8, -382.2)"
Spawn Point Wander,"Spawn Point (-172.5 5.0 -655.5)",1,0,99,"(-172.5, 5.0, -655.5)"
Spawn Point Wander,"Spawn Point (57.3 12.9 193.7)",1,0,99,"(57.3, 12.9, 193.7)"
Spawn Point Wander,"Spawn Point (-135.0 6.0 482.1)",1,0,99,"(-135.0, 6.0, 482.1)"
Spawn Point Wander,"Spawn Point (-59.8 6.0 332.3)",1,0,99,"(-59.8, 6.0, 332.3)"
Spawn Point Wander,"Spawn Point (-221.1 13.2 -186.7)",1,0,99,"(-221.1, 13.2, -186.7)"
Spawn Point Wander,"Spawn Point (-61.0 6.0 328.4)",1,0,99,"(-61.0, 6.0, 328.4)"
Spawn Point Wander,"Spawn Point (-87.5 6.0 -270.0)",1,0,99,"(-87.5, 6.0, -270.0)"
Spawn Point Wander,"Spawn Point (-128.2 39.9 95.3)",1,0,99,"(-128.2, 39.9, 95.3)"
Spawn Point Wander,"Spawn Point (-59.1 5.9 -290.7)",1,0,99,"(-59.1, 5.9, -290.7)"
Spawn Point Wander,"Spawn Point (-66.3 14.1 -734.6)",1,0,99,"(-66.3, 14.1, -734.6)"
Spawn Point Wander,"Spawn Point (-135.9 6.0 484.0)",1,0,99,"(-135.9, 6.0, 484.0)"
Spawn Point Wander,"Spawn Point (-8.0 7.3 -452.2)",1,0,99,"(-8.0, 7.3, -452.2)"
Spawn Point Wander,"Spawn Point (111.7 0.4 -161.5)",1,0,99,"(111.7, 0.4, -161.5)"
Spawn Point Wander,"Spawn Point (15.3 4.7 -447.7)",1,0,99,"(15.3, 4.7, -447.7)"
Spawn Point Wander,"Spawn Point (-221.2 13.2 -183.9)",1,0,99,"(-221.2, 13.2, -183.9)"
Spawn Point Wander,"Spawn Point (-15.1 1.1 -137.3)",1,0,99,"(-15.1, 1.1, -137.3)"
Spawn Point Wander,"Spawn Point (-113.2 30.6 154.1)",1,0,99,"(-113.2, 30.6, 154.1)"
Spawn Point Wander,"Spawn Point (-186.5 14.0 -643.8)",1,0,99,"(-186.5, 14.0, -643.8)"
Spawn Point Wander,"Spawn Point (-38.3 5.6 -299.5)",1,0,99,"(-38.3, 5.6, -299.5)"
Spawn Point Wander,"Spawn Point (104.0 0.5 426.5)",1,0,99,"(104.0, 0.5, 426.5)"
Spawn Point Wander,"Spawn Point (30.6 4.9 -631.1)",1,0,99,"(30.6, 4.9, -631.1)"
Spawn Point Wander,"Spawn Point (75.4 8.8 226.6)",1,0,99,"(75.4, 8.8, 226.6)"
Spawn Point Wander,"Spawn Point (-128.1 39.9 74.3)",1,0,99,"(-128.1, 39.9, 74.3)"
Spawn Point Wander,"Spawn Point (-190.4 14.0 -660.2)",1,0,99,"(-190.4, 14.0, -660.2)"
Spawn Point Wander,"Spawn Point (-301.3 0.1 -319.8)",1,0,99,"(-301.3, 0.1, -319.8)"
Spawn Point Wander,"Spawn Point (29.8 14.0 -623.4)",1,0,99,"(29.8, 14.0, -623.4)"
Spawn Point Wander,"Spawn Point (-202.6 12.4 -194.4)",1,0,99,"(-202.6, 12.4, -194.4)"
Spawn Point Wander,"Spawn Point (-444.4 29.0 -374.5)",1,0,99,"(-444.4, 29.0, -374.5)"
Spawn Point Wander,"Spawn Point (-168.2 30.4 -65.0)",1,0,99,"(-168.2, 30.4, -65.0)"
Spawn Point Wander,"Spawn Point (-101.0 0.0 -537.6)",1,0,99,"(-101.0, 0.0, -537.6)"
Spawn Point Wander,"Spawn Point (102.2 0.4 425.5)",1,0,99,"(102.2, 0.4, 425.5)"
Spawn Point Wander,"Spawn Point (-199.4 4.9 -680.5)",1,0,99,"(-199.4, 4.9, -680.5)"
Spawn Point Wander,"Spawn Point (-199.7 4.9 -665.1)",1,0,99,"(-199.7, 4.9, -665.1)"
Spawn Point Wander,"Spawn Point (46.8 7.3 324.8)",1,0,99,"(46.8, 7.3, 324.8)"
Spawn Point Wander,"Spawn Point (-385.1 24.9 -510.0)",1,0,99,"(-385.1, 24.9, -510.0)"
Spawn Point Wander,"Spawn Point (12.9 4.8 -447.5)",1,0,99,"(12.9, 4.8, -447.5)"
Spawn Point Wander,"Spawn Point (-83.7 -0.1 -541.4)",1,0,99,"(-83.7, -0.1, -541.4)"
Spawn Point Wander,"Spawn Point (-185.0 5.4 -261.8)",1,0,99,"(-185.0, 5.4, -261.8)"
Spawn Point Wander,"Spawn Point (77.0 9.2 219.9)",1,0,99,"(77.0, 9.2, 219.9)"
Spawn Point Wander,"Spawn Point (-62.5 4.0 -586.4)",1,0,99,"(-62.5, 4.0, -586.4)"
Spawn Point Wander,"Spawn Point (-442.8 28.7 -375.7)",1,0,99,"(-442.8, 28.7, -375.7)"
Spawn Point Wander,"Spawn Point (30.6 14.0 -591.7)",1,0,99,"(30.6, 14.0, -591.7)"
Spawn Point Wander,"Spawn Point (-148.0 40.0 94.9)",1,0,99,"(-148.0, 40.0, 94.9)"
Spawn Point Wander,"Spawn Point (49.4 1.6 -147.1)",1,0,99,"(49.4, 1.6, -147.1)"
Spawn Point Wander,"Spawn Point (40.7 9.5 14.7)",1,0,99,"(40.7, 9.5, 14.7)"
Spawn Point Wander,"Spawn Point (-152.9 37.6 138.1)",1,0,99,"(-152.9, 37.6, 138.1)"
Spawn Point Wander,"Spawn Point (-131.0 10.5 -807.9)",1,0,99,"(-131.0, 10.5, -807.9)"
Spawn Point Wander,"Spawn Point (-130.1 7.7 -747.2)",1,0,99,"(-130.1, 7.7, -747.2)"
Spawn Point Wander,"Spawn Point (-169.9 30.3 -66.0)",1,0,99,"(-169.9, 30.3, -66.0)"
Spawn Point Wander,"Spawn Point (-248.7 0.7 -379.6)",1,0,99,"(-248.7, 0.7, -379.6)"
Spawn Point Wander,"Spawn Point (-180.5 5.0 -647.3)",1,0,99,"(-180.5, 5.0, -647.3)"
Spawn Point Wander,"Spawn Point (-137.6 6.0 480.9)",1,0,99,"(-137.6, 6.0, 480.9)"
Spawn Point Wander,"Spawn Point (-62.0 6.0 325.3)",1,0,99,"(-62.0, 6.0, 325.3)"
Spawn Point Wander,"Spawn Point (-8.5 0.8 81.5)",1,0,99,"(-8.5, 0.8, 81.5)"
Spawn Point Wander,"Spawn Point (-11.9 0.6 -126.7)",1,0,99,"(-11.9, 0.6, -126.7)"
Spawn Point Wander,"Spawn Point (-145.7 37.3 144.8)",1,0,99,"(-145.7, 37.3, 144.8)"
Spawn Point Wander,"Spawn Point (44.9 3.0 -211.6)",1,0,99,"(44.9, 3.0, -211.6)"
Spawn Point Wander,"Spawn Point (-168.9 30.4 -67.9)",1,0,99,"(-168.9, 30.4, -67.9)"
Spawn Point Wander,"Spawn Point (111.7 5.0 103.2)",1,0,99,"(111.7, 5.0, 103.2)"
Spawn Point Wander,"Spawn Point (38.4 9.2 1.3)",1,0,99,"(38.4, 9.2, 1.3)"
Spawn Point Wander,"Spawn Point (-128.0 39.9 87.3)",1,0,99,"(-128.0, 39.9, 87.3)"
Spawn Point Wander,"Spawn Point (-106.5 4.9 -754.9)",1,0,99,"(-106.5, 4.9, -754.9)"
Spawn Point Wander,"Spawn Point (116.6 0.4 -163.8)",1,0,99,"(116.6, 0.4, -163.8)"
Spawn Point Wander,"Spawn Point (39.1 11.0 -11.1)",1,0,99,"(39.1, 11.0, -11.1)"
Spawn Point Wander,"Spawn Point (113.8 5.0 101.8)",1,0,99,"(113.8, 5.0, 101.8)"
Spawn Point Wander,"Spawn Point (-128.5 20.1 -106.2)",1,0,99,"(-128.5, 20.1, -106.2)"
Spawn Point Wander,"Spawn Point (-198.8 5.2 -697.7)",1,0,99,"(-198.8, 5.2, -697.7)"
Spawn Point Wander,"Spawn Point (35.9 12.0 -833.1)",1,0,99,"(35.9, 12.0, -833.1)"
Spawn Point Wander,"Spawn Point (-223.0 12.7 -186.5)",1,0,99,"(-223.0, 12.7, -186.5)"
Spawn Point Wander,"Spawn Point (104.3 0.5 424.1)",1,0,99,"(104.3, 0.5, 424.1)"
Spawn Point Wander,"Spawn Point (74.7 9.0 233.7)",1,0,99,"(74.7, 9.0, 233.7)"
Spawn Point Wander,"Spawn Point (-93.5 17.6 -13.2)",1,0,99,"(-93.5, 17.6, -13.2)"
Spawn Point Wander,"Spawn Point (-12.6 2.8 108.5)",1,0,99,"(-12.6, 2.8, 108.5)"
Spawn Point Wander,"Spawn Point (-180.5 5.0 -633.0)",1,0,99,"(-180.5, 5.0, -633.0)"
Spawn Point Wander,"Spawn Point (-159.3 30.4 260.9)",1,0,99,"(-159.3, 30.4, 260.9)"
Spawn Point Wander,"Spawn Point (-120.8 11.1 -228.9)",1,0,99,"(-120.8, 11.1, -228.9)"
Spawn Point Wander,"Spawn Point (-161.5 9.8 -261.7)",1,0,99,"(-161.5, 9.8, -261.7)"
Spawn Point Wander,"Spawn Point (-222.6 13.6 -193.2)",1,0,99,"(-222.6, 13.6, -193.2)"
Spawn Point Wander,"Spawn Point (77.0 9.1 224.6)",1,0,99,"(77.0, 9.1, 224.6)"
Spawn Point Wander,"Spawn Point (115.9 4.5 104.0)",1,0,99,"(115.9, 4.5, 104.0)"
Spawn Point Wander,"Spawn Point (-185.7 14.0 -693.6)",1,0,99,"(-185.7, 14.0, -693.6)"
Spawn Point Wander,"Spawn Point (25.0 6.9 375.0)",1,0,99,"(25.0, 6.9, 375.0)"
Spawn Point Wander,"Spawn Point (-56.9 1.9 -586.4)",1,0,99,"(-56.9, 1.9, -586.4)"
Spawn Point Wander,"Spawn Point (-14.9 0.4 -134.8)",1,0,99,"(-14.9, 0.4, -134.8)"
Spawn Point Wander,"Spawn Point (-12.3 0.9 -133.1)",1,0,99,"(-12.3, 0.9, -133.1)"
Spawn Point Wander,"Spawn Point (-181.6 14.0 -659.8)",1,0,99,"(-181.6, 14.0, -659.8)"
Spawn Point Wander,"Spawn Point (-73.2 11.5 4.5)",1,0,99,"(-73.2, 11.5, 4.5)"
Spawn Point Wander,"Spawn Point (-321.8 1.1 -331.9)",1,0,99,"(-321.8, 1.1, -331.9)"
Spawn Point Wander,"Spawn Point (114.4 0.4 -166.7)",1,0,99,"(114.4, 0.4, -166.7)"
Spawn Point Wander,"Spawn Point (-135.8 6.0 480.6)",1,0,99,"(-135.8, 6.0, 480.6)"
Spawn Point Wander,"Spawn Point (-124.5 18.2 -135.5)",1,0,99,"(-124.5, 18.2, -135.5)"
Spawn Point Wander,"Spawn Point (-102.2 10.6 -844.3)",1,0,99,"(-102.2, 10.6, -844.3)"
Spawn Point Wander,"Spawn Point (47.0 7.3 328.5)",1,0,99,"(47.0, 7.3, 328.5)"
Spawn Point Wander,"Spawn Point (66.4 6.0 375.0)",1,0,99,"(66.4, 6.0, 375.0)"
Spawn Point Wander,"Spawn Point (-81.0 16.5 19.3)",1,0,99,"(-81.0, 16.5, 19.3)"
Spawn Point Wander,"Spawn Point (115.7 0.4 -160.3)",1,0,99,"(115.7, 0.4, -160.3)"
Spawn Point Wander,"Spawn Point (-386.6 23.8 -511.9)",1,0,99,"(-386.6, 23.8, -511.9)"
Spawn Point Wander,"Spawn Point (-109.4 17.7 -24.3)",1,0,99,"(-109.4, 17.7, -24.3)"
Spawn Point Wander,"Spawn Point (-386.8 23.5 -516.0)",1,0,99,"(-386.8, 23.5, -516.0)"
Spawn Point Wander,"Spawn Point (-178.3 12.3 -193.3)",1,0,99,"(-178.3, 12.3, -193.3)"
Spawn Point Wander,"Spawn Point (-84.3 -0.1 -565.6)",1,0,99,"(-84.3, -0.1, -565.6)"
Spawn Point Wander,"Spawn Point (-441.9 28.6 -373.0)",1,0,99,"(-441.9, 28.6, -373.0)"
Spawn Point Wander,"Spawn Point (-220.1 13.2 -188.4)",1,0,99,"(-220.1, 13.2, -188.4)"
Spawn Point Wander,"Spawn Point (54.1 5.0 -606.3)",1,0,99,"(54.1, 5.0, -606.3)"
Spawn Point Wander,"Spawn Point (41.1 7.6 345.2)",1,0,99,"(41.1, 7.6, 345.2)"
Spawn Point Wander,"Spawn Point (-161.5 31.3 257.3)",1,0,99,"(-161.5, 31.3, 257.3)"
Spawn Point Wander,"Spawn Point (12.5 6.1 -238.9)",1,0,99,"(12.5, 6.1, -238.9)"
Spawn Point Wander,"Spawn Point (106.7 0.7 424.5)",1,0,99,"(106.7, 0.7, 424.5)"
Spawn Point Wander,"Spawn Point (-5.5 1.9 37.4)",1,0,99,"(-5.5, 1.9, 37.4)"
Spawn Point Wander,"Spawn Point (53.5 11.1 47.9)",1,0,99,"(53.5, 11.1, 47.9)"
Spawn Point Wander,"Spawn Point (-84.9 17.0 20.1)",1,0,99,"(-84.9, 17.0, 20.1)"
Spawn Point Wander,"Spawn Point (31.9 10.8 -827.3)",1,0,99,"(31.9, 10.8, -827.3)"
Spawn Point Wander,"Spawn Point (-10.3 1.8 -130.2)",1,0,99,"(-10.3, 1.8, -130.2)"
Spawn Point Wander,"Spawn Point (-1.4 1.8 -470.8)",1,0,99,"(-1.4, 1.8, -470.8)"
Spawn Point Wander,"Spawn Point (-49.7 5.9 -290.7)",1,0,99,"(-49.7, 5.9, -290.7)"
Spawn Point Wander,"Spawn Point (-321.1 1.7 -334.9)",1,0,99,"(-321.1, 1.7, -334.9)"
Spawn Point Wander,"Spawn Point (-105.1 33.4 89.3)",1,0,99,"(-105.1, 33.4, 89.3)"
Spawn Point Wander,"Spawn Point (-443.4 28.4 -371.1)",1,0,99,"(-443.4, 28.4, -371.1)"
Spawn Point Wander,"Spawn Point (-246.1 1.2 -379.6)",1,0,99,"(-246.1, 1.2, -379.6)"
Spawn Point Wander,"Spawn Point (51.8 5.2 -589.9)",1,0,99,"(51.8, 5.2, -589.9)"
Spawn Point Wander,"Spawn Point (31.9 4.8 -451.1)",1,0,99,"(31.9, 4.8, -451.1)"
Spawn Point Wander,"Spawn Point (-123.6 18.2 -132.7)",1,0,99,"(-123.6, 18.2, -132.7)"
Spawn Point Wander,"Spawn Point (-382.7 24.8 -512.7)",1,0,99,"(-382.7, 24.8, -512.7)"
Spawn Point Wander,"Spawn Point (31.8 7.1 371.7)",1,0,99,"(31.8, 7.1, 371.7)"
Spawn Point Wander,"Spawn Point (-130.5 11.3 -206.0)",1,0,99,"(-130.5, 11.3, -206.0)"
Spawn Point Wander,"Spawn Point (-384.5 24.2 -513.6)",1,0,99,"(-384.5, 24.2, -513.6)"
Spawn Point Wander,"Spawn Point (-117.6 37.0 113.7)",1,0,99,"(-117.6, 37.0, 113.7)"
Spawn Point Wander,"Spawn Point (-137.6 6.0 482.9)",1,0,99,"(-137.6, 6.0, 482.9)"
Spawn Point Wander,"Spawn Point (6.5 3.6 -311.8)",1,0,99,"(6.5, 3.6, -311.8)"
Spawn Point Wander,"Spawn Point (-217.4 12.6 -181.4)",1,0,99,"(-217.4, 12.6, -181.4)"
Spawn Point Wander,"Spawn Point (9.9 6.1 -243.3)",1,0,99,"(9.9, 6.1, -243.3)"
Spawn Point Wander,"Spawn Point (54.1 12.0 197.9)",1,0,99,"(54.1, 12.0, 197.9)"
Spawn Point Wander,"Spawn Point (-63.2 6.0 327.4)",1,0,99,"(-63.2, 6.0, 327.4)"
Spawn Point Wander,"Spawn Point (-144.5 37.3 149.3)",1,0,99,"(-144.5, 37.3, 149.3)"
Spawn Point Wander,"Spawn Point (29.4 14.1 -621.1)",1,0,99,"(29.4, 14.1, -621.1)"
Spawn Point Wander,"Spawn Point (-133.2 11.4 -203.7)",1,0,99,"(-133.2, 11.4, -203.7)"
Spawn Point Wander,"Spawn Point (113.1 5.2 106.9)",1,0,99,"(113.1, 5.2, 106.9)"
Spawn Point Wander,"Spawn Point (-299.6 0.1 -323.8)",1,0,99,"(-299.6, 0.1, -323.8)"
Spawn Point Wander,"Spawn Point (-122.3 6.4 -270.5)",1,0,99,"(-122.3, 6.4, -270.5)"
Spawn Point Wander,"Spawn Point (-167.5 30.4 -66.6)",1,0,99,"(-167.5, 30.4, -66.6)"
Spawn Point Wander,"Spawn Point (-322.1 1.2 -329.6)",1,0,99,"(-322.1, 1.2, -329.6)"
Spawn Point Wander,"Spawn Point (-113.9 36.7 102.5)",1,0,99,"(-113.9, 36.7, 102.5)"
Spawn Point Wander,"Spawn Point (47.6 0.5 -173.4)",1,0,99,"(47.6, 0.5, -173.4)"
Spawn Point Wander,"Spawn Point (-150.5 29.9 262.9)",1,0,99,"(-150.5, 29.9, 262.9)"
Spawn Point Wander,"Spawn Point (-100.6 10.6 -844.3)",1,0,99,"(-100.6, 10.6, -844.3)"
Spawn Point Wander,"Spawn Point (-3.6 12.0 -870.2)",1,0,99,"(-3.6, 12.0, -870.2)"
Spawn Point Wander,"Spawn Point (29.4 4.6 133.4)",1,0,99,"(29.4, 4.6, 133.4)"
Spawn Point Wander,"Spawn Point (35.2 7.2 95.5)",1,0,99,"(35.2, 7.2, 95.5)"
Spawn Point Wander,"Spawn Point (-162.8 31.3 254.2)",1,0,99,"(-162.8, 31.3, 254.2)"
Spawn Point Wander,"Spawn Point (-94.9 4.9 -750.1)",1,0,99,"(-94.9, 4.9, -750.1)"
Spawn Point Wander,"Spawn Point (-16.7 10.5 -782.7)",1,0,99,"(-16.7, 10.5, -782.7)"
Spawn Point Wander,"Spawn Point (-246.8 1.2 -382.0)",1,0,99,"(-246.8, 1.2, -382.0)"
Spawn Point Wander,"Spawn Point (-197.7 5.9 -262.0)",1,0,99,"(-197.7, 5.9, -262.0)"
Spawn Point Wander,"Spawn Point (-171.2 30.3 -66.8)",1,0,99,"(-171.2, 30.3, -66.8)"
Spawn Point Wander,"Spawn Point (86.0 0.5 363.7)",1,0,99,"(86.0, 0.5, 363.7)"
Spawn Point Wander,"Spawn Point (-90.3 1.7 -577.1)",1,0,99,"(-90.3, 1.7, -577.1)"
Spawn Point Wander,"Spawn Point (-62.5 6.0 330.1)",1,0,99,"(-62.5, 6.0, 330.1)"
Spawn Point Wander,"Spawn Point (68.3 5.8 373.4)",1,0,99,"(68.3, 5.8, 373.4)"
Spawn Point Wander,"Spawn Point (-13.4 4.5 -449.6)",1,0,99,"(-13.4, 4.5, -449.6)"
Spawn Point Wander,"Spawn Point (76.1 8.8 228.7)",1,0,99,"(76.1, 8.8, 228.7)"
Spawn Point Wander,"Spawn Point (-164.8 30.8 260.6)",1,0,99,"(-164.8, 30.8, 260.6)"
Spawn Point Wander,"Spawn Point (116.3 0.4 -167.8)",1,0,99,"(116.3, 0.4, -167.8)"
Spawn Point Wander,"Spawn Point (-66.7 4.9 -753.7)",1,0,99,"(-66.7, 4.9, -753.7)"
Spawn Rush,"Spawn Rush: Objective #1",1,0,99,"(-137.6, 6.0, 480.9)"
Boss Hunter,"Spawn Point (-58.0 39.5 459.4)",1,15,99,"(-58.0, 39.5, 459.4)"
Boss Hunter,"Spawn Point (-124.8 14.0 -738.3)",1,15,99,"(-124.8, 14.0, -738.3)"
Boss Hunter,"Spawn Point (-116.1 17.8 -32.1)",1,15,99,"(-116.1, 17.8, -32.1)"
Boss Hunter,"Spawn Point (-71.8 39.2 451.1)",1,15,99,"(-71.8, 39.2, 451.1)"
Boss Hunter,"Spawn Point (55.4 4.9 -633.2)",1,15,99,"(55.4, 4.9, -633.2)"
Boss Hunter,"Spawn Point (37.5 4.9 -641.4)",1,15,99,"(37.5, 4.9, -641.4)"
Boss Hunter,"Spawn Point (-172.5 5.0 -655.5)",1,15,99,"(-172.5, 5.0, -655.5)"
Boss Hunter,"Spawn Point (-66.3 14.1 -734.6)",1,15,99,"(-66.3, 14.1, -734.6)"
Boss Hunter,"Spawn Point (-8.0 7.3 -452.2)",1,15,99,"(-8.0, 7.3, -452.2)"
Boss Hunter,"Spawn Point (15.3 4.7 -447.7)",1,15,99,"(15.3, 4.7, -447.7)"
Boss Hunter,"Spawn Point (-186.5 14.0 -643.8)",1,15,99,"(-186.5, 14.0, -643.8)"
Boss Hunter,"Spawn Point (30.6 4.9 -631.1)",1,15,99,"(30.6, 4.9, -631.1)"
Boss Hunter,"Spawn Point (-190.4 14.0 -660.2)",1,15,99,"(-190.4, 14.0, -660.2)"
Boss Hunter,"Spawn Point (29.8 14.0 -623.4)",1,15,99,"(29.8, 14.0, -623.4)"
Boss Hunter,"Spawn Point (-101.0 0.0 -537.6)",1,15,99,"(-101.0, 0.0, -537.6)"
Boss Hunter,"Spawn Point (-199.4 4.9 -680.5)",1,15,99,"(-199.4, 4.9, -680.5)"
Boss Hunter,"Spawn Point (-199.7 4.9 -665.1)",1,15,99,"(-199.7, 4.9, -665.1)"
Boss Hunter,"Spawn Point (12.9 4.8 -447.5)",1,15,99,"(12.9, 4.8, -447.5)"
Boss Hunter,"Spawn Point (-83.7 -0.1 -541.4)",1,15,99,"(-83.7, -0.1, -541.4)"
Boss Hunter,"Spawn Point (-62.5 4.0 -586.4)",1,15,99,"(-62.5, 4.0, -586.4)"
Boss Hunter,"Spawn Point (30.6 14.0 -591.7)",1,15,99,"(30.6, 14.0, -591.7)"
Boss Hunter,"Spawn Point (-180.5 5.0 -647.3)",1,15,99,"(-180.5, 5.0, -647.3)"
Boss Hunter,"Spawn Point (-128.5 20.1 -106.2)",1,15,99,"(-128.5, 20.1, -106.2)"
Boss Hunter,"Spawn Point (-198.8 5.2 -697.7)",1,15,99,"(-198.8, 5.2, -697.7)"
Boss Hunter,"Spawn Point (-93.5 17.6 -13.2)",1,15,99,"(-93.5, 17.6, -13.2)"
Boss Hunter,"Spawn Point (-180.5 5.0 -633.0)",1,15,99,"(-180.5, 5.0, -633.0)"
Boss Hunter,"Spawn Point (-185.7 14.0 -693.6)",1,15,99,"(-185.7, 14.0, -693.6)"
Boss Hunter,"Spawn Point (-56.9 1.9 -586.4)",1,15,99,"(-56.9, 1.9, -586.4)"
Boss Hunter,"Spawn Point (-181.6 14.0 -659.8)",1,15,99,"(-181.6, 14.0, -659.8)"
Boss Hunter,"Spawn Point (-73.2 11.5 4.5)",1,15,99,"(-73.2, 11.5, 4.5)"
Boss Hunter,"Spawn Point (-124.5 18.2 -135.5)",1,15,99,"(-124.5, 18.2, -135.5)"
Boss Hunter,"Spawn Point (-81.0 16.5 19.3)",1,15,99,"(-81.0, 16.5, 19.3)"
Boss Hunter,"Spawn Point (-109.4 17.7 -24.3)",1,15,99,"(-109.4, 17.7, -24.3)"
Boss Hunter,"Spawn Point (-84.3 -0.1 -565.6)",1,15,99,"(-84.3, -0.1, -565.6)"
Boss Hunter,"Spawn Point (54.1 5.0 -606.3)",1,15,99,"(54.1, 5.0, -606.3)"
Boss Hunter,"Spawn Point (-84.9 17.0 20.1)",1,15,99,"(-84.9, 17.0, 20.1)"
Boss Hunter,"Spawn Point (-1.4 1.8 -470.8)",1,15,99,"(-1.4, 1.8, -470.8)"
Boss Hunter,"Spawn Point (51.8 5.2 -589.9)",1,15,99,"(51.8, 5.2, -589.9)"
Boss Hunter,"Spawn Point (31.9 4.8 -451.1)",1,15,99,"(31.9, 4.8, -451.1)"
Boss Hunter,"Spawn Point (-123.6 18.2 -132.7)",1,15,99,"(-123.6, 18.2, -132.7)"
Boss Hunter,"Spawn Point (29.4 14.1 -621.1)",1,15,99,"(29.4, 14.1, -621.1)"
Boss Hunter,"Spawn Point (-90.3 1.7 -577.1)",1,15,99,"(-90.3, 1.7, -577.1)"
Boss Hunter,"Spawn Point (-13.4 4.5 -449.6)",1,15,99,"(-13.4, 4.5, -449.6)"
USEC Camp Building 1 Rush,"USEC Camp Building 1 Rush: Objective #1",1,15,99,"(53.9, 4.9, -592.3)"
USEC Camp Building 2 Rush,"USEC Camp Building 2 Rush: Objective #1",1,15,99,"(-67.5, 4.9, -754.2)"
USEC Camp Building 3 Rush,"USEC Camp Building 3 Rush: Objective #1",1,15,99,"(-185.4, 4.9, -638.4)"
Pride Rock,"Pride Rock: Objective #1",1,0,99,"(64.7, 39.1, -78.1)"
Scav Hideout,"Scav Hideout: Objective #1",1,0,99,"(162.2, 0.1, -479.7)"
Resort,"Resort: Objective #1",1,0,99,"(-81.2, 18.4, -53.9)"
Resort,"Resort: Objective #2",1,0,99,"(-78.8, 18.3, -87.5)"
Resort,"Resort: Objective #3",1,0,99,"(-73.0, 18.3, -91.0)"
Resort,"Resort: Objective #4",1,0,99,"(-79.9, 21.9, -90.6)"
Resort,"Resort: Objective #5",1,0,99,"(-83.6, 24.5, -74.3)"
Resort,"Resort: Objective #6",1,0,99,"(-79.7, 21.9, -57.0)"
Chalet,"Chalet: Objective #1",1,0,99,"(-123.8, 39.9, 76.6)"
Chalet,"Chalet: Objective #2",1,0,99,"(-117.5, 39.9, 86.7)"
Chalet,"Chalet: Objective #3",1,0,99,"(-128.8, 39.9, 104.8)"
Chalet,"Chalet: Objective #4",1,0,99,"(-118.5, 42.9, 86.6)"
Chalet,"Chalet: Objective #5",1,0,99,"(-122.2, 36.7, 97.3)"
Chalet,"Chalet: Objective #6",1,0,99,"(-130.0, 36.3, 105.8)"
Chalet,"Chalet: Objective #7",1,0,99,"(-117.0, 36.7, 105.5)"
Chalet,"Chalet: Objective #8",1,0,99,"(-122.9, 36.7, 80.1)"
Chalet,"Chalet: Objective #9",1,0,99,"(-110.7, 33.1, 87.3)"
USEC Camp Building 1,"USEC Camp Building 1: Objective #1",1,0,99,"(53.9, 4.9, -592.3)"
USEC Camp Building 1,"USEC Camp Building 1: Objective #2",1,0,99,"(29.6, 4.9, -614.0)"
USEC Camp Building 1,"USEC Camp Building 1: Objective #3",1,0,99,"(55.6, 7.8, -614.7)"
USEC Camp Building 1,"USEC Camp Building 1: Objective #4",1,0,99,"(51.8, 8.2, -639.0)"
USEC Camp Building 1,"USEC Camp Building 1: Objective #5",1,0,99,"(29.5, 4.9, -641.2)"
USEC Camp Building 1,"USEC Camp Building 1: Objective #6",1,0,99,"(53.5, 4.9, -649.4)"
USEC Camp Building 2,"USEC Camp Building 2: Objective #1",1,0,99,"(-67.5, 4.9, -754.2)"
USEC Camp Building 2,"USEC Camp Building 2: Objective #2",1,0,99,"(-88.3, 4.9, -740.3)"
USEC Camp Building 2,"USEC Camp Building 2: Objective #3",1,0,99,"(-120.9, 5.0, -731.3)"
USEC Camp Building 2,"USEC Camp Building 2: Objective #4",1,0,99,"(-113.1, 4.9, -754.2)"
USEC Camp Building 2,"USEC Camp Building 2: Objective #5",1,0,99,"(-130.1, 4.9, -754.0)"
USEC Camp Building 2,"USEC Camp Building 2: Objective #6",1,0,99,"(-97.8, 8.2, -729.4)"
USEC Camp Building 2,"USEC Camp Building 2: Objective #7",1,0,99,"(-89.8, 8.3, -755.8)"
USEC Camp Building 3,"USEC Camp Building 3: Objective #1",1,0,99,"(-195.7, 4.9, -693.7)"
USEC Camp Building 3,"USEC Camp Building 3: Objective #2",1,0,99,"(-185.4, 4.9, -638.4)"
USEC Camp Building 3,"USEC Camp Building 3: Objective #3",1,0,99,"(-174.2, 4.9, -636.7)"
USEC Camp Building 3,"USEC Camp Building 3: Objective #4",1,0,99,"(-173.7, 4.9, -643.9)"
USEC Camp Building 3,"USEC Camp Building 3: Objective #5",1,0,99,"(-198.8, 4.9, -642.5)"
USEC Camp Building 3,"USEC Camp Building 3: Objective #6",1,0,99,"(-198.5, 4.9, -648.9)"
USEC Camp Building 3,"USEC Camp Building 3: Objective #7",1,0,99,"(-197.9, 7.7, -656.2)"
USEC Camp Building 3,"USEC Camp Building 3: Objective #8",1,0,99,"(-179.6, 5.0, -670.2)"
Southern Road,"Southern Road: Objective #1",2,0,99,"(-201.3, 6.2, 415.4)"
Southern Road,"Southern Road: Objective #2",2,0,99,"(-226.0, 6.2, 422.6)"
Bridge Road Intersection,"Bridge Road Intersection: Objective #1",1,0,99,"(-3.1, 5.9, 478.2)"
Fishing Huts,"Fishing Huts: Objective #1",1,0,99,"(56.7, 0.7, 455.4)"
Fishing Huts,"Fishing Huts: Objective #2",1,0,99,"(87.3, 1.1, 458.9)"
Fishing Huts,"Fishing Huts: Objective #3",1,0,99,"(84.1, 0.6, 454.6)"
Stage Sniping,"Stage Sniping: Objective #1",2,0,99,"(77.5, 9.2, 320.7)"
Stage Sniping,"Stage Sniping: Objective #2",2,0,99,"(74.7, 9.8, 285.7)"
Stage Sniping,"Stage Sniping: Objective #3",2,0,99,"(90.9, 10.1, 241.0)"
Stage Sniping,"Stage Sniping: Objective #4",2,0,99,"(98.8, 11.3, 217.1)"
Stage Wagon,"Stage Wagon: Objective #1",1,0,99,"(122.5, 6.9, 212.1)"
Stage Tent,"Stage Tent: Objective #1",1,0,99,"(95.7, 3.8, 272.9)"
Stage,"Stage: Objective #1",1,0,99,"(134.8, 5.5, 285.3)"
Stage,"Stage: Objective #2",1,0,99,"(132.7, 1.3, 292.3)"
Stage,"Stage: Objective #3",1,0,99,"(131.2, 3.5, 271.9)"
Long Road South Car,"Long Road South Car: Objective #1",1,0,99,"(0.1, 5.3, 374.0)"
Long Road Side Tunnel Crash,"Long Road Side Tunnel Crash: Objective #1",1,0,99,"(5.6, 6.0, 278.6)"
Long Road Bus Crash,"Long Road Bus Crash: Objective #1",1,0,99,"(10.6, 6.0, 176.0)"
Long Road Resort Entrance,"Long Road Resort Entrance: Objective #1",1,0,99,"(16.5, 6.0, 3.9)"
Long Road Pond Camp,"Long Road Pond Camp: Objective #1",1,0,99,"(-12.8, 0.6, 53.5)"
Long Road Construction,"Long Road Construction: Objective #1",1,0,99,"(27.9, 6.0, -158.1)"
Long Road Construction,"Long Road Construction: Objective #2",1,0,99,"(26.7, 6.0, -185.6)"
Long Road Construction,"Long Road Construction: Objective #3",1,0,99,"(24.6, 8.8, -242.5)"
Long Road Construction,"Long Road Construction: Objective #4",1,0,99,"(31.8, 4.9, -239.9)"
Long Road Sniping,"Long Road Sniping: Objective #1",2,0,99,"(62.5, 20.8, 106.9)"
Long Road Sniping,"Long Road Sniping: Objective #2",2,0,99,"(63.5, 16.2, 186.6)"
Long Road Sniping,"Long Road Sniping: Objective #3",2,0,99,"(95.5, 22.3, 159.0)"
Docks Camp,"Docks Camp: Objective #1",1,0,99,"(96.2, 3.7, -164.3)"
Merin Car,"Merin Car: Objective #1",1,15,99,"(91.3, 7.5, -129.2)"
Docks,"Docks: Objective #1",1,0,99,"(145.5, 3.3, -133.9)"
Docks,"Docks: Objective #2",1,0,99,"(136.7, 3.3, -193.8)"
Main Road Bridge Beach Container,"Main Road Bridge Beach Container: Objective #1",1,0,99,"(98.2, 0.3, -303.9)"
Main Road Bridge Underpass,"Main Road Bridge Underpass: Objective #1",1,0,99,"(2.2, 0.0, -343.5)"
Village East House Backyard,"Village East House Backyard: Objective #1",1,0,99,"(-272.5, 13.8, -205.2)"
Village East House,"Village East House: Objective #1",1,0,99,"(-256.5, 14.2, -207.7)"
Village East House,"Village East House: Objective #2",1,0,99,"(-256.8, 14.2, -202.9)"
Village Center House,"Village Center House: Objective #1",4,0,99,"(-184.7, 12.8, -208.2)"
Village West House,"Village West House: Objective #1",1,0,99,"(-133.8, 11.7, -213.8)"
Village Hillside House,"Village Hillside House: Objective #1",1,15,99,"(-148.4, 11.8, -249.1)"
Convenience Store House Backyard,"Convenience Store House Backyard: Objective #1",1,0,99,"(-110.0, 6.6, -269.4)"
Convenience Store House Backyard,"Convenience Store House Backyard: Objective #2",1,0,99,"(-99.8, 5.8, -287.8)"
Convenience Store House,"Convenience Store House: Objective #1",7,0,99,"(-71.6, 6.1, -276.2)"
Convenience Store Storage,"Convenience Store Storage: Objective #1",1,15,99,"(-59.1, 5.8, -295.7)"
Cabins,"Cabins: Objective #1",1,0,99,"(-263.1, 0.8, -316.6)"
Cabins,"Cabins: Objective #2",1,0,99,"(-262.1, 1.1, -348.5)"
Cabins,"Cabins: Objective #3",1,0,99,"(-286.9, 0.5, -339.8)"
Cabins,"Cabins: Objective #4",1,0,99,"(-301.5, 0.1, -314.7)"
Cabins,"Cabins: Objective #5",1,0,99,"(-271.5, 1.0, -352.9)"
Cabins Crashed Van,"Cabins Crashed Van: Objective #1",1,0,99,"(-253.6, 0.1, -387.4)"
USEC Camp Road East Building,"USEC Camp Road East Building: Objective #1",1,0,99,"(-169.7, 4.7, -447.7)"
USEC Camp Workshop Buildings,"USEC Camp Workshop Buildings: Objective #1",1,15,99,"(-168.1, 7.6, -471.4)"
USEC Camp Workshop Buildings,"USEC Camp Workshop Buildings: Objective #2",1,15,99,"(-171.9, 5.0, -498.5)"
USEC Camp Helipad Area,"USEC Camp Helipad Area: Objective #1",1,10,99,"(-96.9, 0.2, -490.3)"
USEC Camp Helipad Area,"USEC Camp Helipad Area: Objective #2",1,10,99,"(-97.4, 1.7, -521.2)"
USEC Camp Helipad Area,"USEC Camp Helipad Area: Objective #3",1,10,99,"(-83.3, -0.1, -563.9)"
USEC Camp Helipad Area,"USEC Camp Helipad Area: Objective #4",1,10,99,"(-111.8, -0.1, -547.1)"
USEC Camp Helipad Area,"USEC Camp Helipad Area: Objective #5",1,10,99,"(-96.2, -0.1, -536.4)"
USEC Camp Helipad Area,"USEC Camp Helipad Area: Objective #6",1,10,99,"(-44.4, 7.1, -521.4)"
Resort Garage,"Resort Garage: Objective #1",3,0,99,"(-106.4, 17.9, -10.0)"
Resort Front Yard,"Resort Front Yard: Objective #1",1,0,99,"(-96.2, 17.6, -42.4)"
Resort Front Yard,"Resort Front Yard: Objective #2",2,0,99,"(-67.2, 17.7, -23.5)"
Resort Overlook,"Resort Overlook: Objective #1",2,0,99,"(-56.4, 19.2, -123.0)"
Resort Overlook,"Resort Overlook: Objective #2",2,0,99,"(-54.5, 19.2, -136.5)"
Resort Overlook,"Resort Overlook: Objective #3",1,0,99,"(-65.0, 19.8, -133.9)"
Resort Sniping,"Resort Sniping: Objective #1",2,0,99,"(-59.2, 19.4, -107.3)"
Resort Sniping,"Resort Sniping: Objective #2",2,0,99,"(-72.9, 21.9, -89.2)"
Resort Sniping,"Resort Sniping: Objective #3",2,0,99,"(-73.2, 21.9, -58.3)"
Tennis Courts,"Tennis Courts: Objective #1",1,0,99,"(-66.6, 26.9, 110.9)"
Tennis Courts,"Tennis Courts: Objective #2",1,0,99,"(-71.4, 26.8, 133.1)"
Tennis Courts,"Tennis Courts: Objective #3",1,0,99,"(-73.7, 27.4, 147.0)"
Chalet Remote Building,"Chalet Remote Building: Objective #1",1,0,99,"(-128.7, 39.5, 131.4)"
Chalet Kayak Storage,"Chalet Kayak Storage: Objective #1",1,0,99,"(-149.1, 40.0, 94.8)"
Chalet Outdoor Area,"Chalet Outdoor Area: Objective #1",2,0,99,"(-114.3, 39.9, 76.9)"
Chalet Outdoor Area,"Chalet Outdoor Area: Objective #2",2,0,99,"(-112.6, 39.8, 89.9)"
Chalet Outdoor Area,"Chalet Outdoor Area: Objective #3",1,0,99,"(-109.1, 33.1, 105.4)"
Chalet Outdoor Area,"Chalet Outdoor Area: Objective #4",1,0,99,"(-116.6, 36.7, 74.7)"
Helicopter Crash Armchair,"Helicopter Crash Armchair: Objective #1",1,0,99,"(-132.8, 31.8, 273.5)"
Helicopter Crash,"Helicopter Crash: Objective #1",1,0,99,"(-134.1, 21.7, 300.5)"
USEC Camp Entrance,"USEC Camp Entrance: Objective #1",4,0,99,"(14.7, 4.6, -451.2)"
USEC Camp Entrance Tents,"USEC Camp Entrance Tents: Objective #1",1,0,99,"(11.9, 1.8, -473.8)"
USEC Camp Entrance Tents,"USEC Camp Entrance Tents: Objective #2",1,0,99,"(10.0, 1.8, -503.5)"
USEC Camp Entrance Tents,"USEC Camp Entrance Tents: Objective #3",1,0,99,"(-28.3, 2.0, -527.6)"
USEC Camp Entrance Tents,"USEC Camp Entrance Tents: Objective #4",1,0,99,"(13.5, 1.7, -547.4)"
USEC Camp Building 1 Stash,"USEC Camp Building 1 Stash: Objective #1",1,15,99,"(50.7, 4.8, -553.0)"
USEC Camp Building 1 Back Lot,"USEC Camp Building 1 Back Lot: Objective #1",1,0,99,"(29.6, 4.7, -685.0)"
USEC Camp Building 2 Roof,"USEC Camp Building 2 Roof: Objective #1",1,0,99,"(-90.8, 14.0, -742.6)"
USEC Camp Building 3 Roof,"USEC Camp Building 3 Roof: Objective #1",1,0,99,"(-186.4, 14.0, -659.9)"
Drug Lab,"Drug Lab: Objective #1",1,0,99,"(-122.7, 10.6, -843.7)"
Tankers,"Tankers: Objective #1",1,0,99,"(-92.7, 10.5, -912.8)"
Train Yard,"Train Yard: Objective #1",1,0,99,"(2.6, 10.6, -807.5)"
Train Yard,"Train Yard: Objective #2",1,0,99,"(56.6, 10.5, -793.4)"
Train Yard,"Train Yard: Objective #3",1,0,99,"(35.3, 12.0, -850.8)"
Train Yard,"Train Yard: Objective #4",1,0,99,"(52.2, 10.5, -913.1)"
North Edge,"North Edge: Objective #1",1,0,99,"(167.6, 4.3, -661.1)"
North Edge,"North Edge: Objective #2",1,0,99,"(160.5, 1.9, -705.7)"
North Edge,"North Edge: Objective #3",1,0,99,"(171.7, 0.6, -771.1)"
North Edge,"North Edge: Objective #4",1,0,99,"(124.4, 6.0, -824.8)"
